พาดหัว,บทความโพส,Dropbox Link
"สร้างทีม AI สุดแกร่งได้ใน 20 นาที ด้วยการใช้ Claude Cowork แบบมือโปร สรุปเคล็ดลับทั้งหมดที่ต้องรู้ทันที","✨ ปลดล็อกพลัง Claude Cowork! 🚀 สร้างทีม AI สุดแกร่งใน 20 นาที! 🤯\n\nใครใช้ Claude Chat ทุกวันแต่ยังกล้าๆ กลัวๆ กับ Claude Code และรู้ว่า Claude Cowork มีอยู่จริงแต่ไม่รู้ว่าจะใช้ทำอะไร? คลิปนี้คือคำตอบ! 💡\n\nJeff Su จะมาเผยเคล็ดลับการเรียนรู้ 80% ของ Claude Cowork ได้ในเวลาไม่ถึง 20 นาที! ใช่ครับ แค่ 18 นาที 54 วินาที คุณก็สามารถสร้างกองทัพ AI ที่ทำงานร่วมกันได้อย่างมีประสิทธิภาพแล้ว! 🤖🤖🤖\n\nในคลิปนี้ คุณจะได้เรียนรู้:\n✅ ทำไม Claude Cowork ถึงสำคัญและจะช่วยยกระดับการทำงานของคุณได้อย่างไร\n✅ วิธีตั้งค่าและใช้งาน Claude Cowork เบื้องต้นแบบเข้าใจง่าย\n✅ สร้าง Sub-agents ที่ทำงานพร้อมกันได้หลายตัว\n✅ บันทึกการตั้งค่าเป็น Plugins เพื่อนำกลับมาใช้ใหม่ได้ง่ายๆ\n\nบอกเลยว่า Claude นั้น User-friendly มากๆ ตั้งค่าไม่ยาก ทำตามได้ง่ายๆ แม้คุณจะไม่เคยใช้มาก่อน! 🤩\n\nเตรียมตัวให้พร้อม แล้วมาเปลี่ยนวิธีทำงานของคุณให้เหนือชั้นกว่าเดิมด้วย Claude Cowork กันเถอะ! กดดูเลย! 👇\n\n#ClaudeAI #ClaudeCowork #AI #Productivity #JeffSu #TechTutorial #AItools #AIforBusiness #ทำงานกับAI #สร้างทีมAI","https://www.dropbox.com/scl/fi/67kym1fk54rqlegcf8md9/render_Y0OB8GJh6Pc_260604_112700.png?rlkey=thjot7xs1zpfee7j6wjez5bm9&dl=0&dl=1"
"สร้างทีม AI สุดแกร่งได้ใน 20 นาที ด้วยการใช้ Claude Cowork แบบมือโปร สรุปเคล็ดลับทั้งหมดที่ต้องรู้ทันที","✨ ปลดล็อกพลัง Claude Cowork! 🚀 สร้างทีม AI สุดแกร่งใน 20 นาที! 🤯\n\nใครใช้ Claude Chat ทุกวันแต่ยังกล้าๆ กลัวๆ กับ Claude Code และรู้ว่า Claude Cowork มีอยู่จริงแต่ไม่รู้ว่าจะใช้ทำอะไร? คลิปนี้คือคำตอบ! 💡\n\nJeff Su จะมาเผยเคล็ดลับการเรียนรู้ 80% ของ Claude Cowork ได้ในเวลาไม่ถึง 20 นาที! ใช่ครับ แค่ 18 นาที 54 วินาที คุณก็สามารถสร้างกองทัพ AI ที่ทำงานร่วมกันได้อย่างมีประสิทธิภาพแล้ว! 🤖🤖🤖\n\nในคลิปนี้ คุณจะได้เรียนรู้:\n✅ ทำไม Claude Cowork ถึงสำคัญและจะช่วยยกระดับการทำงานของคุณได้อย่างไร\n✅ วิธีตั้งค่าและใช้งาน Claude Cowork เบื้องต้นแบบเข้าใจง่าย\n✅ สร้าง Sub-agents ที่ทำงานพร้อมกันได้หลายตัว\n✅ บันทึกการตั้งค่าเป็น Plugins เพื่อนำกลับมาใช้ใหม่ได้ง่ายๆ\n\nบอกเลยว่า Claude นั้น User-friendly มากๆ ตั้งค่าไม่ยาก ทำตามได้ง่ายๆ แม้คุณจะไม่เคยใช้มาก่อน! 🤩\n\nเตรียมตัวให้พร้อม แล้วมาเปลี่ยนวิธีทำงานของคุณให้เหนือชั้นกว่าเดิมด้วย Claude Cowork กันเถอะ! กดดูเลย! 👇\n\n#ClaudeAI #ClaudeCowork #AI #Productivity #JeffSu #TechTutorial #AItools #AIforBusiness #ทำงานกับAI #สร้างทีมAI","https://www.dropbox.com/scl/fi/97y4f8uazar4u9k2q3m7d/render_isjOj4QSaO8_260604_112700.png?rlkey=ooevbarwtgy2vwq3psifw4jza&dl=0&dl=1"
"สร้างทีม AI สุดแกร่งได้ใน 20 นาที ด้วยการใช้ Claude Cowork แบบมือโปร สรุปเคล็ดลับทั้งหมดที่ต้องรู้ทันที","✨ ปลดล็อกพลัง Claude Cowork! 🚀 สร้างทีม AI สุดแกร่งใน 20 นาที! 🤯\n\nใครใช้ Claude Chat ทุกวันแต่ยังกล้าๆ กลัวๆ กับ Claude Code และรู้ว่า Claude Cowork มีอยู่จริงแต่ไม่รู้ว่าจะใช้ทำอะไร? คลิปนี้คือคำตอบ! 💡\n\nJeff Su จะมาเผยเคล็ดลับการเรียนรู้ 80% ของ Claude Cowork ได้ในเวลาไม่ถึง 20 นาที! ใช่ครับ แค่ 18 นาที 54 วินาที คุณก็สามารถสร้างกองทัพ AI ที่ทำงานร่วมกันได้อย่างมีประสิทธิภาพแล้ว! 🤖🤖🤖\n\nในคลิปนี้ คุณจะได้เรียนรู้:\n✅ ทำไม Claude Cowork ถึงสำคัญและจะช่วยยกระดับการทำงานของคุณได้อย่างไร\n✅ วิธีตั้งค่าและใช้งาน Claude Cowork เบื้องต้นแบบเข้าใจง่าย\n✅ สร้าง Sub-agents ที่ทำงานพร้อมกันได้หลายตัว\n✅ บันทึกการตั้งค่าเป็น Plugins เพื่อนำกลับมาใช้ใหม่ได้ง่ายๆ\n\nบอกเลยว่า Claude นั้น User-friendly มากๆ ตั้งค่าไม่ยาก ทำตามได้ง่ายๆ แม้คุณจะไม่เคยใช้มาก่อน! 🤩\n\nเตรียมตัวให้พร้อม แล้วมาเปลี่ยนวิธีทำงานของคุณให้เหนือชั้นกว่าเดิมด้วย Claude Cowork กันเถอะ! กดดูเลย! 👇\n\n#ClaudeAI #ClaudeCowork #AI #Productivity #JeffSu #TechTutorial #AItools #AIforBusiness #ทำงานกับAI #สร้างทีมAI","https://www.dropbox.com/scl/fi/qmwoqgf1as8wqxjf0o78m/render_cNf7uVff11Y_260604_112701.png?rlkey=ldsdcjtvotl9p09nde4ad7umt&dl=0&dl=1"
"สร้างทีม AI สุดแกร่งได้ใน 20 นาที ด้วยการใช้ Claude Cowork แบบมือโปร สรุปเคล็ดลับทั้งหมดที่ต้องรู้ทันที","✨ ปลดล็อกพลัง Claude Cowork! 🚀 สร้างทีม AI สุดแกร่งใน 20 นาที! 🤯\n\nใครใช้ Claude Chat ทุกวันแต่ยังกล้าๆ กลัวๆ กับ Claude Code และรู้ว่า Claude Cowork มีอยู่จริงแต่ไม่รู้ว่าจะใช้ทำอะไร? คลิปนี้คือคำตอบ! 💡\n\nJeff Su จะมาเผยเคล็ดลับการเรียนรู้ 80% ของ Claude Cowork ได้ในเวลาไม่ถึง 20 นาที! ใช่ครับ แค่ 18 นาที 54 วินาที คุณก็สามารถสร้างกองทัพ AI ที่ทำงานร่วมกันได้อย่างมีประสิทธิภาพแล้ว! 🤖🤖🤖\n\nในคลิปนี้ คุณจะได้เรียนรู้:\n✅ ทำไม Claude Cowork ถึงสำคัญและจะช่วยยกระดับการทำงานของคุณได้อย่างไร\n✅ วิธีตั้งค่าและใช้งาน Claude Cowork เบื้องต้นแบบเข้าใจง่าย\n✅ สร้าง Sub-agents ที่ทำงานพร้อมกันได้หลายตัว\n✅ บันทึกการตั้งค่าเป็น Plugins เพื่อนำกลับมาใช้ใหม่ได้ง่ายๆ\n\nบอกเลยว่า Claude นั้น User-friendly มากๆ ตั้งค่าไม่ยาก ทำตามได้ง่ายๆ แม้คุณจะไม่เคยใช้มาก่อน! 🤩\n\nเตรียมตัวให้พร้อม แล้วมาเปลี่ยนวิธีทำงานของคุณให้เหนือชั้นกว่าเดิมด้วย Claude Cowork กันเถอะ! กดดูเลย! 👇\n\n#ClaudeAI #ClaudeCowork #AI #Productivity #JeffSu #TechTutorial #AItools #AIforBusiness #ทำงานกับAI #สร้างทีมAI","https://www.dropbox.com/scl/fi/xnqyekxwx2hg52k21fuqc/render_stEVjMHMt-Q_260604_112701.png?rlkey=nvej8aanh3wegkhuyyyd3t9mw&dl=0&dl=1"
"สร้างทีม AI สุดแกร่งได้ใน 20 นาที ด้วยการใช้ Claude Cowork แบบมือโปร สรุปเคล็ดลับทั้งหมดที่ต้องรู้ทันที","✨ ปลดล็อกพลัง Claude Cowork! 🚀 สร้างทีม AI สุดแกร่งใน 20 นาที! 🤯\n\nใครใช้ Claude Chat ทุกวันแต่ยังกล้าๆ กลัวๆ กับ Claude Code และรู้ว่า Claude Cowork มีอยู่จริงแต่ไม่รู้ว่าจะใช้ทำอะไร? คลิปนี้คือคำตอบ! 💡\n\nJeff Su จะมาเผยเคล็ดลับการเรียนรู้ 80% ของ Claude Cowork ได้ในเวลาไม่ถึง 20 นาที! ใช่ครับ แค่ 18 นาที 54 วินาที คุณก็สามารถสร้างกองทัพ AI ที่ทำงานร่วมกันได้อย่างมีประสิทธิภาพแล้ว! 🤖🤖🤖\n\nในคลิปนี้ คุณจะได้เรียนรู้:\n✅ ทำไม Claude Cowork ถึงสำคัญและจะช่วยยกระดับการทำงานของคุณได้อย่างไร\n✅ วิธีตั้งค่าและใช้งาน Claude Cowork เบื้องต้นแบบเข้าใจง่าย\n✅ สร้าง Sub-agents ที่ทำงานพร้อมกันได้หลายตัว\n✅ บันทึกการตั้งค่าเป็น Plugins เพื่อนำกลับมาใช้ใหม่ได้ง่ายๆ\n\nบอกเลยว่า Claude นั้น User-friendly มากๆ ตั้งค่าไม่ยาก ทำตามได้ง่ายๆ แม้คุณจะไม่เคยใช้มาก่อน! 🤩\n\nเตรียมตัวให้พร้อม แล้วมาเปลี่ยนวิธีทำงานของคุณให้เหนือชั้นกว่าเดิมด้วย Claude Cowork กันเถอะ! กดดูเลย! 👇\n\n#ClaudeAI #ClaudeCowork #AI #Productivity #JeffSu #TechTutorial #AItools #AIforBusiness #ทำงานกับAI #สร้างทีมAI","https://www.dropbox.com/scl/fi/d4kj4hbadespaymg74rmk/render_tf_KmDNZXzI_260604_112701.png?rlkey=8fsn5scephkzu7nypobluln1s&dl=0&dl=1"
"สร้างทีม AI สุดแกร่งได้ใน 20 นาที ด้วยการใช้ Claude Cowork แบบมือโปร สรุปเคล็ดลับทั้งหมดที่ต้องรู้ทันที","✨ ปลดล็อกพลัง Claude Cowork! 🚀 สร้างทีม AI สุดแกร่งใน 20 นาที! 🤯\n\nใครใช้ Claude Chat ทุกวันแต่ยังกล้าๆ กลัวๆ กับ Claude Code และรู้ว่า Claude Cowork มีอยู่จริงแต่ไม่รู้ว่าจะใช้ทำอะไร? คลิปนี้คือคำตอบ! 💡\n\nJeff Su จะมาเผยเคล็ดลับการเรียนรู้ 80% ของ Claude Cowork ได้ในเวลาไม่ถึง 20 นาที! ใช่ครับ แค่ 18 นาที 54 วินาที คุณก็สามารถสร้างกองทัพ AI ที่ทำงานร่วมกันได้อย่างมีประสิทธิภาพแล้ว! 🤖🤖🤖\n\nในคลิปนี้ คุณจะได้เรียนรู้:\n✅ ทำไม Claude Cowork ถึงสำคัญและจะช่วยยกระดับการทำงานของคุณได้อย่างไร\n✅ วิธีตั้งค่าและใช้งาน Claude Cowork เบื้องต้นแบบเข้าใจง่าย\n✅ สร้าง Sub-agents ที่ทำงานพร้อมกันได้หลายตัว\n✅ บันทึกการตั้งค่าเป็น Plugins เพื่อนำกลับมาใช้ใหม่ได้ง่ายๆ\n\nบอกเลยว่า Claude นั้น User-friendly มากๆ ตั้งค่าไม่ยาก ทำตามได้ง่ายๆ แม้คุณจะไม่เคยใช้มาก่อน! 🤩\n\nเตรียมตัวให้พร้อม แล้วมาเปลี่ยนวิธีทำงานของคุณให้เหนือชั้นกว่าเดิมด้วย Claude Cowork กันเถอะ! กดดูเลย! 👇\n\n#ClaudeAI #ClaudeCowork #AI #Productivity #JeffSu #TechTutorial #AItools #AIforBusiness #ทำงานกับAI #สร้างทีมAI","https://www.dropbox.com/scl/fi/ec80wmzljdpagnv3fr1ax/render_Lbml7IuGJYw_260604_112702.png?rlkey=wz7abu5elv6nkop2dqe7rsves&dl=0&dl=1"
"สร้างทีม AI สุดแกร่งได้ใน 20 นาที ด้วยการใช้ Claude Cowork แบบมือโปร สรุปเคล็ดลับทั้งหมดที่ต้องรู้ทันที","✨ ปลดล็อกพลัง Claude Cowork! 🚀 สร้างทีม AI สุดแกร่งใน 20 นาที! 🤯\n\nใครใช้ Claude Chat ทุกวันแต่ยังกล้าๆ กลัวๆ กับ Claude Code และรู้ว่า Claude Cowork มีอยู่จริงแต่ไม่รู้ว่าจะใช้ทำอะไร? คลิปนี้คือคำตอบ! 💡\n\nJeff Su จะมาเผยเคล็ดลับการเรียนรู้ 80% ของ Claude Cowork ได้ในเวลาไม่ถึง 20 นาที! ใช่ครับ แค่ 18 นาที 54 วินาที คุณก็สามารถสร้างกองทัพ AI ที่ทำงานร่วมกันได้อย่างมีประสิทธิภาพแล้ว! 🤖🤖🤖\n\nในคลิปนี้ คุณจะได้เรียนรู้:\n✅ ทำไม Claude Cowork ถึงสำคัญและจะช่วยยกระดับการทำงานของคุณได้อย่างไร\n✅ วิธีตั้งค่าและใช้งาน Claude Cowork เบื้องต้นแบบเข้าใจง่าย\n✅ สร้าง Sub-agents ที่ทำงานพร้อมกันได้หลายตัว\n✅ บันทึกการตั้งค่าเป็น Plugins เพื่อนำกลับมาใช้ใหม่ได้ง่ายๆ\n\nบอกเลยว่า Claude นั้น User-friendly มากๆ ตั้งค่าไม่ยาก ทำตามได้ง่ายๆ แม้คุณจะไม่เคยใช้มาก่อน! 🤩\n\nเตรียมตัวให้พร้อม แล้วมาเปลี่ยนวิธีทำงานของคุณให้เหนือชั้นกว่าเดิมด้วย Claude Cowork กันเถอะ! กดดูเลย! 👇\n\n#ClaudeAI #ClaudeCowork #AI #Productivity #JeffSu #TechTutorial #AItools #AIforBusiness #ทำงานกับAI #สร้างทีมAI","https://www.dropbox.com/scl/fi/0o2n0n8drt3ars8uu95vd/render_s3ccD6m6WKc_260604_112702.png?rlkey=lljx25lwgk4095m7rivysnzp5&dl=0&dl=1"
"สร้างทีม AI สุดแกร่งได้ใน 20 นาที ด้วยการใช้ Claude Cowork แบบมือโปร สรุปเคล็ดลับทั้งหมดที่ต้องรู้ทันที","✨ ปลดล็อกพลัง Claude Cowork! 🚀 สร้างทีม AI สุดแกร่งใน 20 นาที! 🤯\n\nใครใช้ Claude Chat ทุกวันแต่ยังกล้าๆ กลัวๆ กับ Claude Code และรู้ว่า Claude Cowork มีอยู่จริงแต่ไม่รู้ว่าจะใช้ทำอะไร? คลิปนี้คือคำตอบ! 💡\n\nJeff Su จะมาเผยเคล็ดลับการเรียนรู้ 80% ของ Claude Cowork ได้ในเวลาไม่ถึง 20 นาที! ใช่ครับ แค่ 18 นาที 54 วินาที คุณก็สามารถสร้างกองทัพ AI ที่ทำงานร่วมกันได้อย่างมีประสิทธิภาพแล้ว! 🤖🤖🤖\n\nในคลิปนี้ คุณจะได้เรียนรู้:\n✅ ทำไม Claude Cowork ถึงสำคัญและจะช่วยยกระดับการทำงานของคุณได้อย่างไร\n✅ วิธีตั้งค่าและใช้งาน Claude Cowork เบื้องต้นแบบเข้าใจง่าย\n✅ สร้าง Sub-agents ที่ทำงานพร้อมกันได้หลายตัว\n✅ บันทึกการตั้งค่าเป็น Plugins เพื่อนำกลับมาใช้ใหม่ได้ง่ายๆ\n\nบอกเลยว่า Claude นั้น User-friendly มากๆ ตั้งค่าไม่ยาก ทำตามได้ง่ายๆ แม้คุณจะไม่เคยใช้มาก่อน! 🤩\n\nเตรียมตัวให้พร้อม แล้วมาเปลี่ยนวิธีทำงานของคุณให้เหนือชั้นกว่าเดิมด้วย Claude Cowork กันเถอะ! กดดูเลย! 👇\n\n#ClaudeAI #ClaudeCowork #AI #Productivity #JeffSu #TechTutorial #AItools #AIforBusiness #ทำงานกับAI #สร้างทีมAI","https://www.dropbox.com/scl/fi/o482pairm3t11iuk3gl9s/render_uGwDuvSqgYI_260604_112702.png?rlkey=hux3piflbn8x0q37ugteswpac&dl=0&dl=1"
"สร้างทีม AI สุดแกร่งได้ใน 20 นาที ด้วยการใช้ Claude Cowork แบบมือโปร สรุปเคล็ดลับทั้งหมดที่ต้องรู้ทันที","✨ ปลดล็อกพลัง Claude Cowork! 🚀 สร้างทีม AI สุดแกร่งใน 20 นาที! 🤯\n\nใครใช้ Claude Chat ทุกวันแต่ยังกล้าๆ กลัวๆ กับ Claude Code และรู้ว่า Claude Cowork มีอยู่จริงแต่ไม่รู้ว่าจะใช้ทำอะไร? คลิปนี้คือคำตอบ! 💡\n\nJeff Su จะมาเผยเคล็ดลับการเรียนรู้ 80% ของ Claude Cowork ได้ในเวลาไม่ถึง 20 นาที! ใช่ครับ แค่ 18 นาที 54 วินาที คุณก็สามารถสร้างกองทัพ AI ที่ทำงานร่วมกันได้อย่างมีประสิทธิภาพแล้ว! 🤖🤖🤖\n\nในคลิปนี้ คุณจะได้เรียนรู้:\n✅ ทำไม Claude Cowork ถึงสำคัญและจะช่วยยกระดับการทำงานของคุณได้อย่างไร\n✅ วิธีตั้งค่าและใช้งาน Claude Cowork เบื้องต้นแบบเข้าใจง่าย\n✅ สร้าง Sub-agents ที่ทำงานพร้อมกันได้หลายตัว\n✅ บันทึกการตั้งค่าเป็น Plugins เพื่อนำกลับมาใช้ใหม่ได้ง่ายๆ\n\nบอกเลยว่า Claude นั้น User-friendly มากๆ ตั้งค่าไม่ยาก ทำตามได้ง่ายๆ แม้คุณจะไม่เคยใช้มาก่อน! 🤩\n\nเตรียมตัวให้พร้อม แล้วมาเปลี่ยนวิธีทำงานของคุณให้เหนือชั้นกว่าเดิมด้วย Claude Cowork กันเถอะ! กดดูเลย! 👇\n\n#ClaudeAI #ClaudeCowork #AI #Productivity #JeffSu #TechTutorial #AItools #AIforBusiness #ทำงานกับAI #สร้างทีมAI","https://www.dropbox.com/scl/fi/ju2vzigeaf6g2i2j4an2z/render_C9gKWTzRukM_260604_112703.png?rlkey=d1gugd0lac6pjaq4rb7dbeqvz&dl=0&dl=1"
"สร้างทีม AI สุดแกร่งได้ใน 20 นาที ด้วยการใช้ Claude Cowork แบบมือโปร สรุปเคล็ดลับทั้งหมดที่ต้องรู้ทันที","✨ ปลดล็อกพลัง Claude Cowork! 🚀 สร้างทีม AI สุดแกร่งใน 20 นาที! 🤯\n\nใครใช้ Claude Chat ทุกวันแต่ยังกล้าๆ กลัวๆ กับ Claude Code และรู้ว่า Claude Cowork มีอยู่จริงแต่ไม่รู้ว่าจะใช้ทำอะไร? คลิปนี้คือคำตอบ! 💡\n\nJeff Su จะมาเผยเคล็ดลับการเรียนรู้ 80% ของ Claude Cowork ได้ในเวลาไม่ถึง 20 นาที! ใช่ครับ แค่ 18 นาที 54 วินาที คุณก็สามารถสร้างกองทัพ AI ที่ทำงานร่วมกันได้อย่างมีประสิทธิภาพแล้ว! 🤖🤖🤖\n\nในคลิปนี้ คุณจะได้เรียนรู้:\n✅ ทำไม Claude Cowork ถึงสำคัญและจะช่วยยกระดับการทำงานของคุณได้อย่างไร\n✅ วิธีตั้งค่าและใช้งาน Claude Cowork เบื้องต้นแบบเข้าใจง่าย\n✅ สร้าง Sub-agents ที่ทำงานพร้อมกันได้หลายตัว\n✅ บันทึกการตั้งค่าเป็น Plugins เพื่อนำกลับมาใช้ใหม่ได้ง่ายๆ\n\nบอกเลยว่า Claude นั้น User-friendly มากๆ ตั้งค่าไม่ยาก ทำตามได้ง่ายๆ แม้คุณจะไม่เคยใช้มาก่อน! 🤩\n\nเตรียมตัวให้พร้อม แล้วมาเปลี่ยนวิธีทำงานของคุณให้เหนือชั้นกว่าเดิมด้วย Claude Cowork กันเถอะ! กดดูเลย! 👇\n\n#ClaudeAI #ClaudeCowork #AI #Productivity #JeffSu #TechTutorial #AItools #AIforBusiness #ทำงานกับAI #สร้างทีมAI","https://www.dropbox.com/scl/fi/dm4c683uh4c0yejky40xs/render_vMo-yRCN3QM_260604_112703.png?rlkey=ceeyesinuyegsuoiy84emjb4r&dl=0&dl=1"
"สร้างทีม AI สุดแกร่งได้ใน 20 นาที ด้วยการใช้ Claude Cowork แบบมือโปร สรุปเคล็ดลับทั้งหมดที่ต้องรู้ทันที","✨ ปลดล็อกพลัง Claude Cowork! 🚀 สร้างทีม AI สุดแกร่งใน 20 นาที! 🤯\n\nใครใช้ Claude Chat ทุกวันแต่ยังกล้าๆ กลัวๆ กับ Claude Code และรู้ว่า Claude Cowork มีอยู่จริงแต่ไม่รู้ว่าจะใช้ทำอะไร? คลิปนี้คือคำตอบ! 💡\n\nJeff Su จะมาเผยเคล็ดลับการเรียนรู้ 80% ของ Claude Cowork ได้ในเวลาไม่ถึง 20 นาที! ใช่ครับ แค่ 18 นาที 54 วินาที คุณก็สามารถสร้างกองทัพ AI ที่ทำงานร่วมกันได้อย่างมีประสิทธิภาพแล้ว! 🤖🤖🤖\n\nในคลิปนี้ คุณจะได้เรียนรู้:\n✅ ทำไม Claude Cowork ถึงสำคัญและจะช่วยยกระดับการทำงานของคุณได้อย่างไร\n✅ วิธีตั้งค่าและใช้งาน Claude Cowork เบื้องต้นแบบเข้าใจง่าย\n✅ สร้าง Sub-agents ที่ทำงานพร้อมกันได้หลายตัว\n✅ บันทึกการตั้งค่าเป็น Plugins เพื่อนำกลับมาใช้ใหม่ได้ง่ายๆ\n\nบอกเลยว่า Claude นั้น User-friendly มากๆ ตั้งค่าไม่ยาก ทำตามได้ง่ายๆ แม้คุณจะไม่เคยใช้มาก่อน! 🤩\n\nเตรียมตัวให้พร้อม แล้วมาเปลี่ยนวิธีทำงานของคุณให้เหนือชั้นกว่าเดิมด้วย Claude Cowork กันเถอะ! กดดูเลย! 👇\n\n#ClaudeAI #ClaudeCowork #AI #Productivity #JeffSu #TechTutorial #AItools #AIforBusiness #ทำงานกับAI #สร้างทีมAI","https://www.dropbox.com/scl/fi/at7o7khmllhzeah8aczc1/render_pl90LATQlHI_260604_112703.png?rlkey=u4fgjbtsgi1bx5dnm5bonc43v&dl=0&dl=1"
"สร้างทีม AI สุดแกร่งได้ใน 20 นาที ด้วยการใช้ Claude Cowork แบบมือโปร สรุปเคล็ดลับทั้งหมดที่ต้องรู้ทันที","✨ ปลดล็อกพลัง Claude Cowork! 🚀 สร้างทีม AI สุดแกร่งใน 20 นาที! 🤯\n\nใครใช้ Claude Chat ทุกวันแต่ยังกล้าๆ กลัวๆ กับ Claude Code และรู้ว่า Claude Cowork มีอยู่จริงแต่ไม่รู้ว่าจะใช้ทำอะไร? คลิปนี้คือคำตอบ! 💡\n\nJeff Su จะมาเผยเคล็ดลับการเรียนรู้ 80% ของ Claude Cowork ได้ในเวลาไม่ถึง 20 นาที! ใช่ครับ แค่ 18 นาที 54 วินาที คุณก็สามารถสร้างกองทัพ AI ที่ทำงานร่วมกันได้อย่างมีประสิทธิภาพแล้ว! 🤖🤖🤖\n\nในคลิปนี้ คุณจะได้เรียนรู้:\n✅ ทำไม Claude Cowork ถึงสำคัญและจะช่วยยกระดับการทำงานของคุณได้อย่างไร\n✅ วิธีตั้งค่าและใช้งาน Claude Cowork เบื้องต้นแบบเข้าใจง่าย\n✅ สร้าง Sub-agents ที่ทำงานพร้อมกันได้หลายตัว\n✅ บันทึกการตั้งค่าเป็น Plugins เพื่อนำกลับมาใช้ใหม่ได้ง่ายๆ\n\nบอกเลยว่า Claude นั้น User-friendly มากๆ ตั้งค่าไม่ยาก ทำตามได้ง่ายๆ แม้คุณจะไม่เคยใช้มาก่อน! 🤩\n\nเตรียมตัวให้พร้อม แล้วมาเปลี่ยนวิธีทำงานของคุณให้เหนือชั้นกว่าเดิมด้วย Claude Cowork กันเถอะ! กดดูเลย! 👇\n\n#ClaudeAI #ClaudeCowork #AI #Productivity #JeffSu #TechTutorial #AItools #AIforBusiness #ทำงานกับAI #สร้างทีมAI","https://www.dropbox.com/scl/fi/1miaww0bvmog8gqf4vswy/render_z9rdrNrkvDY_260604_112704.png?rlkey=9bj1ycaqr622lu6z3iom3r20c&dl=0&dl=1"